,Name,Price
0,Dalmore 12 Year Old Sherry Cask Select,71.00
1,GlenDronach 12 Year Old,54.00
2,Rare Find Islay 2006,102.00
3,Rare Find Tranquillity 1985 Highland Single Malt,395.00
4,Loch Lomond 12 Year Old,from 46.00
5,The Octave Laphroaig 2011 9 Year Old,156.00
6,GlenDronach 1993 26 Year Old #8635,395.00
7,Fettercairn 12 Year Old,48.00
8,Dalmore 2008 13 Year Old Batch 21/140 Connoisseur's Choice,96.00
9,Black Bull 21 Year Old,115.00
10,Kilchoman 100% Islay 11th Edition,78.00
11,Tamdhu Cigar Malt,180.00
12,Johnnie Walker 18 Year Old Gift Set,87.00
13,Johnnie Walker Gold Gift Set,57.00
14,Glen Scotia 12 Year Old Seasonal Release 2021,74.99
15,The Loch Fyne Fynest Bunnahabhain 19 Year Old,150.00
16,The Loch Fyne Fynest Invergordon 45 Year Old,299.00
17,The Loch Fyne Fynest Glengoyne 20 Year Old,350.00
18,Black Bottle Double Cask,25.99
19,Black Bottle Island Smoke,25.99
20,BenRiach 2009 11 Year Old Cask #4833 Batch 17,90.00
21,Glenglassaugh 10 Year Old Cask #2140,91.00
22,Darkness Craigellachie 11 Year Old Moscatel Cask Finish,95.00
23,Chivas Regal The Icon,"2,250.00"
24,The Kinship Bunnahabhain 31 Year Old 1989,496.00
25,BenRiach 12 Year Old #4830,102.00
26,Macallan 1991 25 Year Old Fine & Rare #7021,"11,995.00"
27,Macallan 1976 29 Year Old Fine and Rare #11354,"17,995.00"
28,Strathisla 1985 35 Year Old Private Collection,"1,000.00"
29,Mortlach 1978 Cask 992 Private Collection,"1,400.00"
30,Glen Grant 1976 Private Collection,"1,295.00"
31,GlenKeir Treasures Coimeasgadh Blended Malt,55.00
32,Glenkeir Treasure Carribean Blended Rum,40.00
33,Black Bull 40 year old,830.00
34,The Kinship Caol Ila 40 Year Old 1980,"1,500.00"
35,The Loch Fyne Caol Ila 10 Year Old 2010,60.00
36,Balvenie Tun 1509 Batch 8,330.00
37,Macallan 30 Year Old Double Cask 2021,"4,250.00"
38,Glen Moray Warehouse 1 1998 Barolo Finish,145.00
39,Royal Lochnagar 16 Year Old Diageo Special Release 2021,200.00
40,Cardhu 14 Year Old Diageo Special Release 2021,120.00
41,Lagavulin 26 Year Old Diageo Special Release 2021,"1,650.00"
42,Oban 12 Year Old Diageo Special Release 2021,105.00
43,Lagavulin 12 Year Old Diageo Special Release 2021,130.00
44,Mortlach 13 Year Old Diageo Special Release 2021,135.00
45,Singleton of Glendullan 19 Year Old Diageo Special Release 2021,140.00
46,Talisker 8 Year Old Diageo Special Release 2021,90.00
47,Stylish Whisky Barrel Single Malt Scotch Whisky Decanter with 2 Glasses,45.00
48,First Editions Mortlach 2010,81.00
49,First Editions Glen Moray 2007 14 Year Old,95.00
50,Glenrothes 25 Year Old,385.00
51,Darkness Strathisla 15 Year Old Moscatel Cask Finish,181.00
52,Darkness Glenrothes 12 Year Old Oloroso Cask Finish,65.00
53,Darkness Campbeltown 6 Year Old Oloroso Cask Finish,58.00
54,Darkness Craigellachie 11 Year Old Oloroso Cask Finish,78.00
55,Darkness Blair Athol 14 Year Old Oloroso Cask Finish,59.99
56,Dalmore 30 Year Old 2021 Release,"4,500.00"
57,Glenmorangie 13 Year Old Cognac Cask Finish,78.00
58,Nc'Nean Organic Single Malt,51.00
59,Monkey Shoulder Fever Tree Gift Pack,15.00
60,Benromach 40 Year Old (2021 Release),"1,750.00"
61,Westport 21 Year Old Batch 1 That Boutique-y Whisky Company,156.00
62,Strathmill 22 Year Old Batch 7 That Boutique-y Whisky Company,205.00
63,Bruichladdich 28 Year Old Batch 19 That Boutique-y Whisky Company,217.00
64,Aultmore 38 Year Old Batch 17 That Boutique-y Whisky Company,715.00
65,Nc'Nean 3 Year Old Batch 2 That Boutique-y Whisky Company,72.00
66,The Premium Whisky Advent Calendar (2021 Edition),249.95
67,Glengoyne Time Keeper,52.00
68,Glengoyne Time Capsule Pack 3x20cl,67.00
69,Glengoyne Time Capsule Miniature Pack 3x5cl,26.00
70,Ledaig 1999 Pedro Ximénez Cask Matured,260.00
71,Tobermory 2004 Oloroso Cask Matured,135.00
72,Deanston 2008 Oloroso Cask Matured,83.00
73,Bunnahabhain Aonadh,125.00
74,Ardnamurchan AD/07.21:05,46.00
75,Laphroaig 33 Year Old The Ian Hunter Story Book Three,sold out
76,Tormore 1994 26 Year Old Connoisseurs Choice Batch 21/097,237.00
77,Glentauchers 1995 25 Year Old Connoisseurs Choice Batch 21/096,201.00
78,Darkness Benrinnes 14 Year Old Pedro Ximinez Cask Finish,67.00
79,Laphroaig 25 Year Old Cask Strength 2021,440.00
80,Glenglassaugh 50 Year Old,"5,500.00"
81,Gordon & MacPhail Ardmore 1991 Cask Strength,174.00
82,Loch Lomond 12 Year Old Gift Set 3x20cl,61.00
83,Loch Lomond 18 Year Old 20cl,36.00
84,Loch Lomond 12 Year Old 20cl,23.00
85,Glen Scotia Double Cask & 15 Year Old 2x20cl,41.00
86,Glen Scotia Double Cask 20cl,23.00
87,Glen Scotia Double Cask & Glass 20cl,26.00
88,Glen Scotia 15 Year Old 20cl,26.00
89,Braes of Glenlivet 1975 Connoisseurs Choice,475.00
90,Glenfarclas 185th Anniversary,135.00
91,Gordon & MacPhail Smith's Glenlivet 1966 47 Year Old,980.00
92,Gordon & MacPhail Glenlivet 1949,"3,850.00"
93,Port Charlotte Islay Barley 2013,67.00
94,Bruichladdich Bere Barley 2011,72.00
95,Glen Grant 1950 68 Year Old,"4,999.99"
96,Linkwood 1981 Private Collection,"1,250.00"
97,Linkwood 1980 40 Year Old Private Collection,999.99
98,Dimensions Linkwood 2009 12 Year Old,93.00
99,Dimensions Highland Park 2007 13 Year Old,119.00
100,Dimensions Glen Garioch 2011 10 Year Old,88.00
101,Dimensions Benriach 2008 12 Year Old,97.00
102,Benromach 2012 Peat Smoke Sherry Cask Matured,45.99
103,Singleton of Dufftown 25 Year Old,340.00
104,Singleton of Dufftown 21 Year Old,186.00
105,Character of Islay Bunnahabhain 19 Year Old Wind & Waves 2,275.00
106,Character of Islay Bunnahabhain 10 Year Old Wind & Waves 2,102.00
107,Character of Islay Bowmore 18 Year Old Wind & Waves 2,275.00
108,Loch Lomond 12 Year Old & Glass 20cl,27.00
109,The Octave Laphroaig 2004 16 Year Old,375.00
110,Benriach Malting Season,102.00
111,Gordon & MacPhail Linkwood 25 Year Old Distillery Label,207.00
112,Littlemill 1991 Connoisseurs Choice,360.00
113,Glenburgie 1995 25 Year Old Connoisseurs Choice,285.00
114,Blended Malt #1 25 Year Old That Boutique-y Whisky Company,131.00
115,Loch Lomond 25 Year Old Lee Westwood,395.00
116,The MacPhail's Collection Glen Scotia 1992,117.00
117,Benromach 1977 #1266,"1,029.00"
118,Ailsa Bay 1.2 Gift Set,67.00
119,Glenturret 30 Year Old Platinum Old & Rare,465.00
120,Dalmore 29 Year Old Platinum Old & Rare,475.00
121,Clynelish 27 Year Old Platinum Old & Rare,500.00
122,The Octave An Iconic Speyside 2010 10 Year Old,88.00
123,The Octave Blair Athol 2008 12 Year Old,98.00
124,Balvenie 25 Year Old Rare Marriages,620.00
125,Aberfeldy 15 Year Old,65.00
126,Black Bull Kyloe,29.00
127,Black Bull 12 Year Old,41.00
128,The Kinship Laphroaig 23 Year Old 1997,539.00
129,The Kinship Ardbeg 19 Year Old 2001,497.00
130,The Kinship Bruichladdich 29 Year Old 1991,532.00
131,Velvet Fig Small Batch,40.49
132,Laphroaig 16 Year Old,86.99
133,Balblair 2006 #78,191.00
134,Gordon & MacPhail Smith's Glenlivet 1974 34 Years Old,670.00
135,MacPhail's 21 Year Old Gordon & MacPhail,181.00
136,Glenlivet 1979 39 Year Old Gordon & MacPhail Archive,980.00
137,Gordon & Macphail Glen Grant 1966 45 Year Old,810.00
138,Glen Grant 1951 bottled in 2013,"3,750.00"
139,Old Pulteney 1982 Private Collection,"1,200.00"
140,Glen Scotia Dunnage Tasting Pack,43.95
141,Laphroaig 15 Year Old 2005 The Character of Islay Whisky Company,275.00
142,Invergordon 50 Year Old That Boutique-y Whisky Company,360.00
143,Highland Single Malt #1 42 Year Old That Boutique-y Whisky Company,410.00
144,Green Isle,33.00
145,Grace Ile 25 Year Old The Character of Islay Whisky Company,310.00
146,Fiona Macleod 33 Year Old The Character of Islay Whisky Company,410.00
147,Darkness Inchfad 13 Year Old Pedro Ximénez Cask,67.00
148,Darkness Glen Elgin 12 Year Old Moscatel Cask,67.00
149,Darkness Dalmore 14 Year Old Oloroso Cask,134.00
150,Darkness Caperdonich 24 Year Old Pedro Ximinez Cask,346.00
151,Darkness Balmenach 18 Year Old Moscatel Cask,93.00
152,Darkness Auchroisk 21 Year Old Moscatel Cask,125.00
153,Rare Find Speyside 1982 39 Year Old,385.00
154,Port Charlotte Pac: 01 2011,93.00
155,Glenmorangie Grand Vintage Malt 1993,670.00
156,Laphroaig 10 Year Old Cask Strength 2021 Batch 13,76.00
157,Personalised Famous Grouse,26.00
158,Aerstone 10 Year Old Land Cask,31.00
159,Aerstone 10 Year Old Sea Cask,31.00
160,Linkwood 12 year old Flora and Fauna,49.00
161,Talisker 43 Year Old Xpedition Oak,"3,500.00"
162,Laphroaig 10 Year Old Sherry Oak Finish,67.00
163,Kingsbarns Balcomie,49.95
164,Glenturret Triple Wood 2020,49.00
165,Glenturret 30 Year Old,"1,500.00"
166,Glenturret 10 Year Old Peat Smoked,55.00
167,Golden Cask Caol Ila 35 Year Old,670.00
168,Longmorn 1987 33 Year Old Connoisseurs Choice,870.00
169,Strathisla 1987 33 Year Old Connoisseurs Choice,770.00
170,Benrinnes 1990 30 Year Old Connoisseurs Choice,505.00
171,Littlemill Testament 1976,"7,999.00"
172,Glenfiddich Grande Couronne 26 Year Old,460.00
173,Benriach 21 Year Old The Twenty One,150.00
174,Benriach 25 Year Old The Twenty Five,335.00
175,Ledaig Sinclair Series Rioja Cask Finish,37.00
176,anCnoc Peatheart Batch 2,54.00
177,Benriach Smoke Season,55.00
178,Tamdhu 15 Year Old,98.00
179,Tamdhu 12 Year Old,55.00
180,Glengoyne Cask Strength Batch 8,77.00
181,Glengoyne 25 Year Old,405.00
182,Glengoyne 18 Year Old,120.00
183,Glengoyne 12 Year Old,51.00
184,Glengoyne 10 Year Old,46.00
185,Monkey Shoulder,36.00
186,Loch Lomond 20 Year Old Open Course Collection Royal St George’s,166.00
187,Johnnie Walker Blue Label Legendary Eight,285.00
188,Aberlour 14 Year Old Double Cask,57.00
189,Bunnahabhain 30 Year Old,510.00
190,Benromach 21 Year Old,130.00
191,John Walker & Sons King George V,570.00
192,Old Fashioned Cocktail Bundle,63.99
193,Paul John Christmas Edition 2020,64.95
194,Compass Box Magic Cask,142.99
195,Johnnie Walker Blue Label Chinese New Year 2021 - Year of the Ox,209.00
196,Balblair 1990 29 Year Old Connoisseurs Choice,640.00
197,Benriach 2005 UK Exclusive Pedro Ximenez Cask #5278,105.00
198,Benriach 2005 UK Exclusive Peated Rum Cask #7553,125.00
199,Black Bottle 10 Year Old,29.00
200,Character of Islay Bowmore 18 Year Old Wind & Waves #11714,305.00
201,The Singleton of Glen Ord 38 Year Old Epicurean Odyssey,"2,100.00"
202,Johnnie Walker Gold Icon 200th Anniversary,sold out
203,Drinks By The Dram Whisky Baubles,41.00
204,Glenmorangie 12 Year Old Malaga,83.00
205,Compass Box Peat Monster Arcana,72.99
206,Wemyss Malts Bunnahabhain 1990 28 Year Old Boat Captain's Brew,239.00
207,Wemyss Malts Bowmore 1988 31 Year Old Candied Violets,560.00
208,Talisker 10 Year Old 20cl Hot Chocolate Gift Set,19.99
209,Singleton of Dufftown 12 Year Old Tumbler Gift Set,42.00
210,Johnnie Walker Blue Label Glass Gift Set,201.00
211,Johnnie Walker Black Label Glass Gift Set,31.00
212,Johnnie Walker 18 Year Old Glass Gift Set,87.00
213,Johnnie Walker Black Label Gift Tin,31.00
214,Johnnie Walker Gold Label Glass Gift Set,50.00
215,Compass Box Spice Tree Extravaganza,95.00
216,Compass Box Rogues Banquet,191.00
217,Compass Box Juveniles,98.00
218,Compass Box Flaming Heart,125.00
219,Gordon & MacPhail Glen Grant 1954 59 Year Old,"2,500.00"
220,Gordon & MacPhail Mortlach 1949 51 Year Old,"3,999.00"
221,Kilchoman Machir Bay Cask Strength Christmas Edition,58.00
222,Darkness Caperdonich 23 Year Old 10188,318.00
223,Darkness Aultmore 22 Year Old 10358,91.00
224,Ardbeg Wee Beastie,40.00
225,The Loch Fyne Bunnahabhain 14 Year Old 2005,95.00
226,The Loch Fyne Craigellachie 12 Year Old 2008,80.00
227,The Loch Fyne The Living Cask Batch 10,from 45.00
228,Macallan 78 Year Old Red Collection,"100,000.00"
229,Macallan 74 Year Old Red Collection,"95,000.00"
230,Macallan 71 Year Old Red Collection,"89,000.00"
231,Johnnie Walker Blue Label 200th Anniversary,201.00
232,Glenmorangie 10 Year Old Original Giraffe Tin,41.00
233,GlenAllachie 9 Year Old Rye Cask Finish,58.99
234,Glen Scotia 11 Year Old Sherry Double Cask,62.00
235,Darkness 8 Year Old,51.00
236,Character of Islay Tasting Set Pack,31.00
237,Aerolite Lyndsay Islay 10 Year Old,46.00
238,Deanston 1991 Muscat Cask Finish,280.00
239,Fettercairn 46 Year Old,"8,500.00"
240,Tobermory 12 Year Old 2007 Port Pipe Finish,105.00
241,Deanston 2002 Pinot Noir Cask,115.00
242,Deanston 2002 Organic,134.99
243,Bunnahabhain 1997 Moine,380.00
244,Tobermory 23 Year Old,330.00
245,Benriach The Smoky Ten,47.00
246,Benriach The Original Ten,46.00
247,Benriach The Twelve,52.00
248,Loch Lomond 30 Year Old,510.00
249,Loch Lomond 21 Year Old,150.00
250,Cardhu 11 Year Old Special Releases 2020,88.00
251,Loch Lomond Wales Open & Celtic Classic Oloroso Cask,88.00
252,Loch Lomond The English Open Sauternes Cask,88.00
253,Loch Lomond British Masters Limousin Oak Cask,88.00
254,Loch Lomond The English Championship Rum Cask,93.00
255,Loch Lomond The UK Championship Tawny Port Cask,93.00
256,First Editions Talisker 2010 8 Year Old,92.00
257,Fettercairn 22 Year Old,207.00
258,Port Charlotte OLC: 01 2010 Heavily Peated,86.95
259,Macallan 1954 47 Year Old Fine & Rare #1902,"31,995.00"
260,Macallan 1940 37 Year Old Fine & Rare,sold out
261,The Glenlivet Spectra,110.00
262,Teacher's Highland Cream,21.00
263,Glenallachie 2008 #508,sold out
264,Balvenie The Edge of Burnhead Wood 19 Year Old,270.00
265,Old Malt Cask Ardbeg 32 Year Old 1967,"3,495.00"
266,Glenkeir Treasures Twin Casks Secret Highland 11 Year Old,70.00
267,First Editions Blair Athol 2009,72.00
268,Ardbeg 1972 VELIER,"6,995.00"
269,Stylish Whisky Mini Nessie Decanter 10cl,25.00
270,Stylish Whisky Mini Golf Decanter 10cl,25.00
271,Johnnie Walker Blue Label Rare Side of Scotland,222.00
272,Arran Sherry Cask The Bodega,52.89
273,Arran Quarter Cask The Bothy,57.00
274,Jura 1989,620.00
275,Glen Moray Rhum Agricole,61.00
276,First Editions Glen Garioch 2008,72.00
277,Glenrothes Whisky Maker's Cut,54.00
278,Laphroaig Lore Gift Set,92.00
279,Jura 12 Year Old Gift Pack 2019,46.00
280,Johnnie Walker Sweet Peat,31.00
281,Benromach 15 Year Old,59.94
282,Dalmore Port Wood Reserve Gift Set,83.00
283,1770 Peated No.1,50.00
284,Glendronach 1993 26 Year Old #7434,sold out
285,The Loch Fyne Gift Box Pick 'n' Mix,from 38.00
286,The Lost Distillery Co. Discovery Selection Gift Pack 3x5cl,26.00
287,Magnum Highland Cream Liqueur,18.99
288,Bruichladdich The Classic Laddie Scottish Barley Gift Pack,54.00
289,Balblair 25 Year Old,545.00
290,12 Drams of Christmas - Premium Whisky Selection Box,89.99
291,Glenfiddich Grand Cru 23 Year Old,227.00
292,Johnnie Walker Taster Gift Set 3x5cl,21.00
293,The Loch Fyne Glentauchers 11 Year Old,from 78.00
294,The Loch Fyne Aultmore 12 Year Old,from 83.00
295,The Last Drop 56 Year Old,"3,750.00"
296,Jura Gift Pack 3x5cl,22.00
297,Old Pulteney 25 Year Old - 2019,435.00
298,Talisker 41 Year Old,"2,900.00"
299,Highland Park 12 Year Old,41.00
